cpu_percent,ram_percent,swap_percent,disk_read_count,disk_write_count,state
6.3,61.2,12.0,0,0,NORMAL
10.4,61.2,14.9,0,28,NORMAL
7.6,61.2,14.9,0,0,NORMAL
4.9,61.1,14.9,0,1,NORMAL
3.3,61.1,14.9,0,8,NORMAL
7.5,61.0,14.9,0,0,NORMAL
8.0,61.0,14.9,0,6,NORMAL
5.3,60.9,14.9,0,0,NORMAL
5.1,60.9,14.9,0,0,NORMAL
4.6,60.8,14.9,0,113,NORMAL
3.7,60.8,14.9,0,0,NORMAL
3.6,60.8,14.9,0,43,NORMAL
3.8,60.7,14.9,0,0,NORMAL
3.7,60.7,14.9,0,3,NORMAL
3.2,60.7,14.9,0,0,NORMAL
4.4,60.7,14.9,0,0,NORMAL
5.5,60.7,14.9,4,4,NORMAL
5.3,60.7,14.9,5,0,NORMAL
5.0,60.7,14.9,0,1,NORMAL
3.8,60.7,14.9,0,3,NORMAL
4.4,60.7,14.9,0,1,NORMAL
5.1,60.8,14.9,0,1,NORMAL
4.2,60.7,14.9,0,2,NORMAL
4.2,60.8,14.9,0,0,NORMAL
4.0,60.7,14.9,0,0,NORMAL
7.9,60.9,14.9,72,0,NORMAL
3.7,60.9,14.9,0,3,NORMAL
4.2,60.9,14.9,0,0,NORMAL
4.2,60.9,14.9,0,39,NORMAL
5.2,60.9,14.9,0,2,NORMAL
3.5,60.9,14.9,0,0,NORMAL
3.8,60.9,14.9,0,3,NORMAL
3.9,60.9,14.9,0,1,NORMAL
5.0,60.9,14.9,1,27,NORMAL
4.9,60.9,14.9,0,0,NORMAL
3.8,60.9,14.9,0,3,NORMAL
3.8,60.9,14.9,0,2,NORMAL
3.3,60.9,14.9,0,0,NORMAL
8.3,60.9,14.9,0,0,NORMAL
4.2,61.0,14.9,0,3,NORMAL
5.2,60.9,14.9,0,0,NORMAL
3.4,60.9,14.9,0,2,NORMAL
5.5,60.8,14.9,0,0,NORMAL
5.2,60.8,14.9,0,10,NORMAL
4.8,60.8,14.9,0,30,NORMAL
3.7,60.9,14.9,0,0,NORMAL
4.5,60.8,15.8,0,0,NORMAL
5.6,60.7,15.8,0,4,NORMAL
6.9,60.7,15.8,0,0,NORMAL
5.8,60.7,15.8,0,2,NORMAL
4.0,60.7,15.8,0,1,NORMAL
4.9,60.7,15.8,0,0,NORMAL
4.2,60.7,15.8,0,0,NORMAL
4.0,60.7,15.8,0,0,NORMAL
5.6,60.7,15.8,0,1,NORMAL
4.3,60.7,15.8,0,0,NORMAL
5.5,60.7,15.8,1,0,NORMAL
3.6,60.7,15.8,8,2,NORMAL
4.6,60.7,15.8,0,0,NORMAL
4.4,60.7,15.8,0,5,NORMAL
5.1,60.7,15.8,0,20,NORMAL
3.8,60.7,15.8,2,0,NORMAL
4.9,60.7,15.8,0,0,NORMAL
3.9,60.7,15.8,0,8,NORMAL
4.2,60.7,15.8,0,4,NORMAL
4.2,60.7,15.8,0,2,NORMAL
3.4,60.7,15.8,0,1,NORMAL
4.1,60.8,15.8,0,0,NORMAL
5.1,60.7,15.8,0,1,NORMAL
3.6,60.8,15.8,0,1,NORMAL
3.2,60.7,15.8,0,3,NORMAL
4.5,60.8,15.8,0,0,NORMAL
3.4,60.7,15.8,0,0,NORMAL
3.7,60.8,15.8,0,4,NORMAL
7.0,60.7,15.8,0,3,NORMAL
5.0,60.8,15.8,2,3,NORMAL
4.3,60.7,15.8,0,0,NORMAL
3.7,60.7,15.8,1,60,NORMAL
4.1,60.7,15.8,0,1,NORMAL
3.4,60.8,15.8,0,5,NORMAL
4.8,60.7,16.0,0,1,NORMAL
3.4,60.7,16.0,1,1,NORMAL
4.0,60.7,16.0,1,4,NORMAL
3.4,60.7,16.0,0,0,NORMAL
2.9,60.8,16.0,0,1,NORMAL
3.4,60.7,16.0,0,0,NORMAL
4.0,60.7,16.0,0,0,NORMAL
3.4,60.7,16.0,0,1,NORMAL
3.9,60.7,16.0,0,0,NORMAL
4.8,60.7,16.0,0,10,NORMAL
5.2,60.7,16.0,0,0,NORMAL
4.4,60.7,16.0,0,0,NORMAL
3.4,60.8,16.0,0,0,NORMAL
3.8,60.7,16.0,0,24,NORMAL
3.5,60.8,16.0,0,4,NORMAL
3.2,60.8,16.0,0,1,NORMAL
3.0,60.8,16.0,0,0,NORMAL
4.3,60.7,16.0,1,0,NORMAL
5.2,60.8,16.0,0,0,NORMAL
3.7,60.8,16.0,2,1,NORMAL
4.1,64.5,16.0,1,0,WARNING
4.3,64.5,16.0,0,13,WARNING
3.7,64.5,16.0,0,1,WARNING
3.9,64.5,16.0,0,0,WARNING
4.5,64.5,16.0,0,0,WARNING
4.1,64.5,16.0,0,1,WARNING
7.0,64.5,16.0,0,23,WARNING
5.7,64.5,16.0,0,1,WARNING
6.4,64.5,16.0,0,0,WARNING
4.7,64.5,16.0,0,0,WARNING
3.9,64.5,16.0,0,0,WARNING
4.6,64.5,16.0,0,3,WARNING
5.5,64.5,16.0,0,0,WARNING
5.4,64.5,16.0,0,0,WARNING
4.7,64.5,16.0,0,0,WARNING
4.1,64.5,16.0,0,0,WARNING
4.6,64.5,16.0,0,3,WARNING
5.2,64.5,16.0,0,2,WARNING
4.6,64.5,16.0,0,2,WARNING
3.3,64.5,16.0,0,0,WARNING
3.4,64.5,16.0,0,1,WARNING
10.8,64.5,16.0,0,3,WARNING
3.7,64.5,16.0,0,19,WARNING
3.6,64.4,16.0,0,0,WARNING
5.1,64.5,16.0,0,1,WARNING
4.7,64.4,16.0,0,1,WARNING
6.0,64.4,16.0,0,4,WARNING
3.8,64.4,16.0,0,0,WARNING
4.5,64.4,16.0,0,0,WARNING
4.3,64.4,16.0,0,0,WARNING
4.0,64.4,16.0,0,0,WARNING
5.7,64.4,16.0,0,0,WARNING
4.2,64.5,16.0,0,1,WARNING
4.6,64.4,16.0,0,0,WARNING
4.3,64.5,16.0,0,4,WARNING
4.1,64.4,16.0,0,1,WARNING
3.4,64.5,16.0,0,0,WARNING
5.7,64.4,16.0,0,2,WARNING
5.9,64.5,16.0,0,0,WARNING
5.1,64.4,16.0,0,22,WARNING
4.2,64.5,16.0,0,0,WARNING
8.6,64.4,16.0,0,4,WARNING
5.3,64.5,16.0,1,3,WARNING
4.3,64.4,16.0,1,1,WARNING
4.3,64.4,16.0,0,0,WARNING
4.3,64.4,16.0,0,0,WARNING
7.2,64.6,16.0,1,0,WARNING
9.6,64.8,16.0,1,6,WARNING
12.0,65.2,16.0,5,8,WARNING
9.5,65.5,16.0,5,27,WARNING
6.3,65.5,16.0,0,24,WARNING
4.5,65.4,16.0,1,21,WARNING
4.6,65.4,16.0,0,9,WARNING
3.5,65.4,16.0,0,0,WARNING
5.0,65.4,16.0,0,1,WARNING
4.1,65.3,16.0,0,0,WARNING
4.6,65.3,16.0,1,10,WARNING
6.4,65.3,16.0,0,3,WARNING
4.2,65.3,16.0,0,1,WARNING
5.3,65.1,16.0,1,0,WARNING
4.6,65.1,16.0,0,10,WARNING
6.6,65.1,16.0,0,0,WARNING
5.3,65.0,16.0,0,11,WARNING
4.6,65.1,16.0,0,0,WARNING
4.1,65.1,16.0,0,0,WARNING
4.9,65.1,16.0,0,1,WARNING
5.1,65.1,16.0,0,4,WARNING
4.8,65.1,16.0,0,5,WARNING
5.0,65.0,16.0,0,1,WARNING
5.9,65.0,16.0,0,1,WARNING
4.5,65.1,16.0,0,0,WARNING
5.3,65.1,16.0,0,0,WARNING
6.7,65.0,16.0,0,3,WARNING
4.2,65.0,16.0,0,0,WARNING
4.0,65.0,16.0,0,0,WARNING
4.1,65.0,16.0,0,4,WARNING
4.3,65.0,16.0,0,8,WARNING
4.7,65.0,16.0,0,133,WARNING
4.7,65.0,16.0,2,39,WARNING
5.2,64.9,16.0,0,0,WARNING
3.7,65.0,16.0,0,1,WARNING
3.1,65.0,16.0,0,1,WARNING
4.8,65.0,16.0,0,3,WARNING
3.1,64.9,16.0,0,0,WARNING
3.1,65.0,16.0,0,2,WARNING
5.1,65.0,16.0,0,0,WARNING
4.1,65.0,16.0,0,0,WARNING
5.0,65.0,16.0,0,1,WARNING
4.0,65.0,16.0,0,0,WARNING
5.5,64.8,16.0,0,0,WARNING
6.7,64.9,16.0,1,0,WARNING
6.6,65.0,16.0,0,0,WARNING
5.5,65.0,16.0,0,3,WARNING
5.7,65.0,16.0,3,38,WARNING
4.9,65.0,16.0,0,0,WARNING
5.4,65.0,16.0,1,2,WARNING
5.3,65.0,16.0,0,0,WARNING
5.0,65.0,16.0,0,3,WARNING
4.6,65.0,16.0,0,0,WARNING
5.0,64.9,16.0,2,0,WARNING
11.6,94.0,15.2,56,591,THRASHING
9.1,94.0,15.2,0,3,THRASHING
8.4,94.0,15.2,2,37,THRASHING
6.2,93.9,15.2,3,51,THRASHING
4.1,93.9,15.2,1,47,THRASHING
8.0,94.0,15.2,10,0,THRASHING
3.7,94.0,15.2,0,56,THRASHING
6.1,94.0,15.2,1,47,THRASHING
6.0,94.1,15.2,0,40,THRASHING
4.1,94.0,15.2,0,1,THRASHING
7.3,94.1,15.2,4,38,THRASHING
5.4,94.1,15.2,1,31,THRASHING
4.9,94.1,15.2,0,16,THRASHING
11.2,94.1,15.2,1840,53,THRASHING
41.1,95.6,15.1,5062,280,THRASHING
33.3,95.9,15.1,949,1237,THRASHING
11.3,96.0,15.1,293,17,THRASHING
6.4,95.9,15.1,47,191,THRASHING
5.4,95.9,15.1,9,49,THRASHING
9.5,95.9,15.1,83,36,THRASHING
5.5,95.9,15.1,79,5,THRASHING
5.5,95.9,15.1,5,23,THRASHING
8.6,95.9,15.1,607,21,THRASHING
6.7,95.9,15.1,6,15,THRASHING
6.0,95.8,15.1,15,13,THRASHING
5.2,95.7,15.1,4,26,THRASHING
6.2,95.4,15.1,0,29,THRASHING
4.5,95.3,15.1,0,14,THRASHING
8.8,95.4,15.1,8,4,THRASHING
6.0,95.4,15.1,1,15,THRASHING
4.6,95.4,15.1,0,13,THRASHING
15.9,95.5,15.1,1624,69,THRASHING
15.6,95.8,15.1,2658,53,THRASHING
7.8,95.9,15.1,444,1296,THRASHING
5.4,95.8,15.1,66,7,THRASHING
10.2,96.1,15.1,363,4,THRASHING
8.5,96.2,15.1,104,17,THRASHING
7.1,95.9,15.0,241,15,THRASHING
4.4,95.9,15.0,1,0,THRASHING
4.2,95.9,15.0,3,2,THRASHING
5.1,95.9,15.0,4,2,THRASHING
3.9,95.9,15.0,9,10,THRASHING
3.1,95.8,15.0,11,3,THRASHING
3.6,95.9,15.0,2,0,THRASHING
6.3,95.5,15.0,42,54,THRASHING
13.9,95.5,15.0,13,31,THRASHING
5.9,95.6,15.0,2,4,THRASHING
4.8,95.5,15.0,11,33,THRASHING
4.3,95.5,15.0,1,13,THRASHING
5.1,95.5,15.0,1,22,THRASHING
4.9,95.5,15.0,2,6,THRASHING
4.8,95.5,15.0,2,12,THRASHING
5.0,96.0,15.0,0,0,THRASHING
10.1,96.0,15.0,0,0,THRASHING
9.8,95.9,15.0,4,8,THRASHING
11.7,95.9,15.0,2,0,THRASHING
10.4,95.9,15.0,0,20,THRASHING
11.5,95.9,15.0,0,0,THRASHING
9.8,95.9,15.0,1,0,THRASHING
9.8,95.8,15.0,3,2,THRASHING
8.8,95.5,15.0,0,2,THRASHING
10.6,94.2,15.0,1,3,THRASHING
10.7,93.0,15.0,4,0,THRASHING
11.7,85.4,15.0,2,13,THRASHING
10.6,78.5,15.0,0,18,THRASHING
11.6,71.1,15.0,3,32,THRASHING
11.2,63.3,15.0,1,1,THRASHING
12.6,58.9,15.0,49,0,THRASHING
4.9,57.6,15.0,5,0,THRASHING
4.2,57.6,15.0,14,0,THRASHING
3.1,57.6,15.0,4,0,THRASHING
3.7,57.6,15.0,0,3,THRASHING
3.2,57.6,15.0,0,0,THRASHING
4.4,57.6,15.0,1,0,THRASHING
5.6,57.6,15.0,115,7,THRASHING
6.5,57.6,15.0,30,23,THRASHING
5.1,57.6,15.0,0,16,THRASHING
7.0,57.7,15.0,7,18,THRASHING
3.6,57.7,15.0,2,15,THRASHING
6.4,57.8,15.0,1,1,THRASHING
3.6,57.8,15.0,1,0,THRASHING
2.9,57.8,15.0,7,3,THRASHING
4.1,57.7,14.9,34,14,THRASHING
3.1,57.7,14.9,0,0,THRASHING
3.9,57.7,14.9,4,6,THRASHING
4.4,57.5,14.9,2,4,THRASHING
5.0,57.5,14.9,0,10,THRASHING
3.5,57.5,14.9,1,0,THRASHING
3.4,57.5,14.9,0,0,THRASHING
3.1,57.6,14.9,4,1,THRASHING
3.9,57.5,14.9,0,2,THRASHING
3.5,57.5,14.9,28,2,THRASHING
5.8,57.4,14.9,12,1,THRASHING
10.3,57.4,14.9,28,31,THRASHING
14.8,56.3,14.9,29,20,THRASHING
14.0,55.4,14.9,0,7,THRASHING
11.7,54.5,14.9,1,0,THRASHING
15.9,53.5,14.9,0,4,THRASHING
12.4,52.7,14.9,0,0,THRASHING
3.0,52.7,14.9,0,0,THRASHING
